# School Calendar 2025-2026
# Poway Unified School District Calendar
# 180 Student Days
# 
# Week definitions:
# - monday: The Monday of the school week (when reading materials are assigned)
# - friday: The Friday of the school week (when assessments are due)
# - holidays: Optional list of holidays that fall on that week's Monday (materials move to Tuesday)
# - skip_week: true if the entire week is off (district recess, breaks)
#
# Note: Checkpoints for assessments are typically on Tuesday of the NEXT week

school_year: "2025-2026"
first_day: "2025-08-13"  # First day of school (Wednesday)
last_day: "2026-06-04"   # Last day of school

# Define each of the school weeks
# Week 0 starts with the first full week of school
weeks:
  0:
    monday: "2025-08-18"
    friday: "2025-08-22"
    theme: "Onboarding Week 1"
    notes: "First full week (school started Wed Aug 13)"
  1:
    monday: "2025-08-25"
    friday: "2025-08-29"
    theme: "Onboarding Week 2"
  2:
    monday: "2025-09-01"
    friday: "2025-09-05"
    holidays: ["Labor Day"]
    holiday_adjustment: "tuesday"
    tuesday: "2025-09-02"
    theme: "Onboarding Week 3"
  3:
    monday: "2025-09-08"
    friday: "2025-09-12"
  4:
    monday: "2025-09-15"
    friday: "2025-09-19"
  5:
    monday: "2025-09-22"
    friday: "2025-09-26"
  6:
    monday: "2025-09-29"
    friday: "2025-10-03"
    holidays: ["Non-Student Day"]
    holiday_adjustment: "tuesday"
    tuesday: "2025-09-30"
    notes: "9/29 Non-Student Day"
  7:
    monday: "2025-10-06"
    friday: "2025-10-10"
  8:
    monday: "2025-10-13"
    friday: "2025-10-17"
  9:
    monday: "2025-10-20"
    friday: "2025-10-24"
  10:
    monday: "2025-10-27"
    friday: "2025-10-31"
  11:
    monday: "2025-11-03"
    friday: "2025-11-07"
  12:
    monday: "2025-11-10"
    friday: "2025-11-14"
    holidays: ["Veterans Day"]
    holiday_adjustment: "tuesday"
    tuesday: "2025-11-11"
    notes: "11/11 Veterans Day"
  13:
    monday: "2025-11-17"
    friday: "2025-11-21"
    holidays: ["Non-Student Day"]
    holiday_adjustment: "tuesday"
    tuesday: "2025-11-18"
    notes: "11/17 Non-Student Day"
  14:
    monday: "2025-11-24"
    friday: "2025-11-28"
    holidays: ["District Recess", "Thanksgiving"]
    notes: "11/24-11/28 District Recess, Thanksgiving Week"
    skip_week: true
  15:
    monday: "2025-12-01"
    friday: "2025-12-05"
  16:
    monday: "2025-12-08"
    friday: "2025-12-12"
  17:
    monday: "2025-12-15"
    friday: "2025-12-19"
  18:
    monday: "2025-12-22"
    friday: "2025-12-26"
    holidays: ["Winter Break"]
    notes: "12/22-1/2 District Recess"
    skip_week: true
  19:
    monday: "2025-12-29"
    friday: "2026-01-02"
    holidays: ["Winter Break", "New Year's Day"]
    notes: "12/22-1/2 District Recess"
    skip_week: true
  20:
    monday: "2026-01-05"
    friday: "2026-01-09"
    notes: "Return from winter break"
  21:
    monday: "2026-01-12"
    friday: "2026-01-16"
  22:
    monday: "2026-01-19"
    friday: "2026-01-23"
    holidays: ["MLK Day"]
    holiday_adjustment: "tuesday"
    tuesday: "2026-01-20"
    notes: "1/19 Dr. Martin Luther King Jr. Day"
  23:
    monday: "2026-01-26"
    friday: "2026-01-30"
    holidays: ["Non-Student Day"]
    holiday_adjustment: "tuesday"
    tuesday: "2026-01-27"
    notes: "1/26 Non-Student Day"
  24:
    monday: "2026-02-02"
    friday: "2026-02-06"
  25:
    monday: "2026-02-09"
    friday: "2026-02-13"
  26:
    monday: "2026-02-16"
    friday: "2026-02-20"
    holidays: ["Presidents Day Week"]
    notes: "2/16-2/20 District Recess"
    skip_week: true
  27:
    monday: "2026-02-23"
    friday: "2026-02-27"
  28:
    monday: "2026-03-02"
    friday: "2026-03-06"
  29:
    monday: "2026-03-09"
    friday: "2026-03-13"
  30:
    monday: "2026-03-16"
    friday: "2026-03-20"
  31:
    monday: "2026-03-23"
    friday: "2026-03-27"
  32:
    monday: "2026-03-30"
    friday: "2026-04-03"
  33:
    monday: "2026-04-06"
    friday: "2026-04-10"
    holidays: ["Spring Break"]
    notes: "4/6-4/10 District Recess"
    skip_week: true
  34:
    monday: "2026-04-13"
    friday: "2026-04-17"
    notes: "Return from spring break"
  35:
    monday: "2026-04-20"
    friday: "2026-04-24"
  36:
    monday: "2026-04-27"
    friday: "2026-05-01"
  37:
    monday: "2026-05-04"
    friday: "2026-05-08"
    notes: "AP Exam week"
  38:
    monday: "2026-05-11"
    friday: "2026-05-15"
  39:
    monday: "2026-05-18"
    friday: "2026-05-22"
  40:
    monday: "2026-05-25"
    friday: "2026-05-29"
    holidays: ["Memorial Day"]
    holiday_adjustment: "tuesday"
    tuesday: "2026-05-26"
    notes: "5/25 Memorial Day"
  41:
    monday: "2026-06-01"
    friday: "2026-06-04"
    notes: "Last week - school ends Thursday 6/4"

# Assessment types that get placed on Fridays
assessment_types:
  - "formative"
  - "summative"
  - "final"
  - "test"
  - "quiz"
  - "exam"
  - "assessment"

# Entry types that get placed on Mondays (or Tuesday if Monday is a holiday)
reading_types:
  - "lesson"
  - "reading"
  - "notes"
  - "lecture"
  - "introduction"
